{"cameraMode":{"drawMode":0,"name":"Shaded","section":"Shading Mode"},"sceneLighting":true,"audioPlay":false,"sceneViewState":{"showFog":true,"showMaterialUpdate":false,"showSkybox":true,"showFlares":true,"showImageEffects":true,"showParticleSystems":true,"showVisualEffectGraphs":true,"m_FxEnabled":true},"in2DMode":false,"pivot":{"x":1.9914463758468629,"y":-4.441600799560547,"z":10.101346969604493},"rotation":{"x":-0.17336033284664155,"y":-0.02747664600610733,"z":0.004839548375457525,"w":-0.9844670295715332},"size":21.115358352661134,"orthographic":false}