{"cameraMode":{"drawMode":0,"name":"Shaded","section":"Shading Mode"},"sceneLighting":true,"audioPlay":false,"sceneViewState":{"showFog":true,"showMaterialUpdate":false,"showSkybox":true,"showFlares":true,"showImageEffects":true,"showParticleSystems":true,"showVisualEffectGraphs":true,"m_FxEnabled":true},"in2DMode":false,"pivot":{"x":-3.142329216003418,"y":5.231705188751221,"z":2.3005456924438478},"rotation":{"x":-0.0012370957992970944,"y":0.7298449873924255,"z":-0.0013208152959123254,"w":-0.6836102604866028},"size":11.910453796386719,"orthographic":false}